0,0,0,0,0.01,0.01,0.01,0.05,0.05,0.05,0.1,0.1,0.1,0.25,0.25,0.25,0.5,0.5,0.5,1,1,1,1.5,1.5,1.5,2,2,2,2.5,2.5,2.5,5,5,5,10,10,10,0,0,0,0.01,0.01,0.01,0.05,0.05,0.05,0.1,0.1,0.1,0.25,0.25,0.25,0.5,0.5,0.5,1,1,1,1.5,1.5,1.5,2,2,2,2.5,2.5,2.5,5,5,5,10,10,10
0,0.131,0.122,0.127,0.13,0.131,0.129,0.141,0.133,0.137,0.131,0.139,0.135,0.131,0.131,0.13,0.13,0.138,0.132,0.132,0.133,0.136,0.139,0.137,0.132,0.127,0.131,0.127,0.153,0.133,0.133,0.141,0.13,0.135,0.139,0.144,0.135,516,515,513,512,511,505,511,513,508,510,518,518,519,521,520,515,507,511,518,510,525,513,517,516,523,524,516,506,515,511,511,511,513,511,512,512
15,0.132,0.122,0.127,0.13,0.131,0.129,0.141,0.133,0.137,0.13,0.139,0.135,0.131,0.131,0.129,0.129,0.138,0.133,0.132,0.132,0.136,0.138,0.137,0.132,0.127,0.13,0.127,0.152,0.132,0.133,0.141,0.13,0.135,0.14,0.145,0.136,518,515,514,511,507,500,507,512,511,510,519,522,523,526,519,517,509,505,515,505,524,517,520,524,536,527,520,511,515,512,511,511,522,511,514,521
30,0.133,0.123,0.128,0.131,0.133,0.131,0.143,0.134,0.138,0.131,0.14,0.136,0.13,0.133,0.131,0.131,0.139,0.133,0.133,0.133,0.138,0.14,0.139,0.133,0.129,0.132,0.128,0.152,0.133,0.134,0.142,0.131,0.135,0.14,0.145,0.137,527,525,524,504,510,497,515,521,522,523,534,537,548,545,540,538,520,528,543,532,550,553,561,554,586,570,562,547,550,547,539,547,563,555,552,557
45,0.136,0.127,0.131,0.134,0.135,0.134,0.146,0.137,0.141,0.134,0.142,0.14,0.134,0.136,0.135,0.134,0.141,0.137,0.136,0.136,0.141,0.142,0.141,0.135,0.131,0.134,0.131,0.154,0.135,0.135,0.143,0.133,0.137,0.142,0.146,0.139,533,530,529,507,512,503,528,533,532,540,549,553,582,574,576,586,567,583,625,613,623,636,649,640,695,675,661,633,642,633,635,642,664,648,652,664
60,0.141,0.131,0.135,0.138,0.139,0.138,0.152,0.142,0.146,0.139,0.147,0.146,0.141,0.141,0.14,0.138,0.145,0.141,0.141,0.14,0.144,0.145,0.145,0.139,0.136,0.139,0.135,0.156,0.138,0.138,0.146,0.136,0.14,0.143,0.149,0.141,541,541,535,509,521,512,543,543,545,557,564,577,629,623,624,663,636,661,771,757,755,787,802,788,884,858,826,790,797,785,807,817,838,817,830,854
75,0.149,0.138,0.142,0.144,0.146,0.144,0.16,0.149,0.153,0.147,0.154,0.154,0.15,0.148,0.149,0.144,0.15,0.147,0.147,0.146,0.15,0.15,0.15,0.143,0.143,0.144,0.138,0.159,0.142,0.142,0.148,0.139,0.142,0.146,0.15,0.143,551,549,548,519,534,527,564,565,566,583,592,608,694,680,684,766,731,766,983,957,938,999,1021,1001,1166,1115,1068,1016,1026,1006,1058,1073,1095,1069,1085,1119
90,0.16,0.148,0.152,0.153,0.155,0.154,0.173,0.16,0.165,0.157,0.164,0.166,0.163,0.16,0.16,0.153,0.157,0.157,0.156,0.154,0.157,0.156,0.156,0.149,0.15,0.151,0.145,0.165,0.146,0.147,0.151,0.142,0.145,0.148,0.152,0.145,574,571,565,538,554,548,599,597,598,619,626,651,781,763,769,895,857,900,1264,1221,1181,1293,1315,1284,1542,1473,1394,1328,1327,1298,1376,1396,1422,1381,1397,1445
105,0.177,0.164,0.166,0.168,0.169,0.167,0.192,0.176,0.181,0.173,0.179,0.185,0.183,0.177,0.177,0.167,0.167,0.169,0.168,0.164,0.167,0.164,0.164,0.157,0.161,0.161,0.153,0.17,0.152,0.152,0.155,0.144,0.148,0.15,0.154,0.147,606,601,596,575,587,584,651,643,646,673,679,718,903,868,879,1067,1013,1072,1645,1578,1503,1679,1710,1666,2044,1951,1833,1740,1733,1691,1742,1755,1797,1727,1749,1805
120,0.202,0.185,0.188,0.189,0.19,0.187,0.219,0.2,0.206,0.198,0.2,0.212,0.212,0.202,0.203,0.185,0.182,0.189,0.185,0.179,0.179,0.175,0.175,0.166,0.174,0.174,0.163,0.179,0.16,0.16,0.157,0.147,0.15,0.151,0.155,0.149,669,655,650,633,646,647,745,720,726,758,766,823,1081,1031,1047,1305,1233,1322,2167,2080,1943,2224,2268,2197,2755,2622,2444,2312,2290,2229,2161,2168,2220,2099,2117,2181
135,0.238,0.218,0.219,0.219,0.22,0.217,0.258,0.234,0.24,0.232,0.233,0.25,0.253,0.236,0.238,0.213,0.205,0.218,0.208,0.201,0.2,0.191,0.191,0.181,0.193,0.19,0.177,0.189,0.17,0.17,0.161,0.151,0.153,0.153,0.157,0.15,770,749,741,729,737,744,885,845,851,896,903,978,1345,1272,1290,1650,1548,1672,2897,2781,2544,2981,3047,2939,3753,3570,3300,3114,3066,2980,2628,2634,2689,2471,2481,2566
150,0.268,0.247,0.247,0.249,0.252,0.246,0.288,0.262,0.27,0.262,0.26,0.279,0.285,0.269,0.269,0.247,0.234,0.253,0.238,0.229,0.225,0.211,0.212,0.2,0.217,0.212,0.195,0.202,0.183,0.182,0.164,0.153,0.155,0.155,0.158,0.151,919,887,874,868,872,886,1094,1025,1033,1092,1098,1210,1728,1609,1629,2128,2002,2164,3913,3738,3368,4033,4121,3975,5157,4891,4489,4220,4150,4021,3152,3152,3225,2861,2862,2961
165,0.31,0.289,0.289,0.292,0.292,0.287,0.326,0.302,0.312,0.308,0.303,0.316,0.327,0.315,0.315,0.278,0.261,0.284,0.268,0.257,0.255,0.237,0.237,0.224,0.245,0.237,0.217,0.22,0.198,0.198,0.166,0.157,0.158,0.156,0.159,0.153,1212,1137,1106,1101,1090,1122,1412,1318,1323,1407,1411,1558,2302,2129,2181,2876,2705,2969,5610,5213,4629,5627,5658,5494,7132,6829,6282,5778,5621,5416,3762,3748,3822,3256,3258,3367
180,0.342,0.317,0.315,0.319,0.32,0.313,0.358,0.331,0.344,0.339,0.33,0.348,0.361,0.346,0.344,0.311,0.3,0.317,0.307,0.293,0.287,0.262,0.263,0.249,0.275,0.266,0.242,0.239,0.217,0.215,0.169,0.16,0.161,0.157,0.16,0.154,1398,1340,1313,1320,1299,1352,1728,1602,1618,1734,1755,1939,3008,2756,2804,3788,3547,3858,7199,6830,6016,7316,7503,7178,9597,8938,8070,7464,7272,7015,4278,4246,4329,3539,3526,3660
195,0.384,0.356,0.354,0.357,0.357,0.351,0.395,0.368,0.382,0.376,0.366,0.387,0.404,0.383,0.381,0.344,0.327,0.351,0.331,0.317,0.312,0.294,0.294,0.278,0.31,0.295,0.265,0.26,0.238,0.235,0.172,0.162,0.164,0.157,0.161,0.155,1676,1603,1571,1612,1562,1649,2089,1936,1943,2107,2149,2357,3771,3508,3554,5129,4930,5225,9923,9436,8312,9870,10134,9652,12773,11963,10777,9856,9522,9178,4844,4804,4889,3818,3805,3951
210,0.403,0.38,0.379,0.386,0.388,0.379,0.412,0.387,0.403,0.4,0.392,0.402,0.428,0.413,0.411,0.383,0.361,0.39,0.365,0.349,0.343,0.313,0.311,0.295,0.329,0.316,0.291,0.283,0.259,0.255,0.176,0.166,0.167,0.158,0.161,0.156,1970,1890,1868,1947,1887,1997,2471,2301,2313,2554,2639,2803,4648,4395,4452,6675,6727,6775,13440,12862,11374,13641,13994,13324,17236,16103,14469,13072,12615,12074,5544,5495,5599,4173,4152,4319
225,0.415,0.393,0.391,0.402,0.401,0.394,0.423,0.398,0.415,0.412,0.406,0.414,0.442,0.427,0.425,0.4,0.389,0.407,0.4,0.381,0.374,0.337,0.336,0.318,0.355,0.338,0.308,0.298,0.273,0.27,0.18,0.17,0.17,0.159,0.162,0.156,2207,2130,2105,2233,2168,2295,2760,2606,2618,2924,3055,3171,5398,5241,5277,8282,8669,8365,16920,16333,14620,18078,18447,17743,22425,20994,19073,17117,16458,15695,6369,6268,6399,4534,4506,4694
240,0.423,0.402,0.399,0.413,0.411,0.405,0.426,0.405,0.421,0.42,0.412,0.418,0.449,0.434,0.433,0.413,0.406,0.421,0.416,0.402,0.398,0.368,0.364,0.344,0.384,0.365,0.33,0.315,0.287,0.283,0.185,0.175,0.174,0.16,0.163,0.157,2410,2332,2317,2486,2426,2611,3171,2957,3073,3330,3616,3654,6060,5959,6005,9844,10706,9882,20536,19995,18161,22916,23234,22574,28055,26468,24389,22031,21192,20178,7354,7200,7378,4967,4942,5142
255,0.426,0.406,0.404,0.414,0.411,0.407,0.43,0.409,0.422,0.419,0.411,0.416,0.45,0.436,0.435,0.421,0.416,0.426,0.43,0.415,0.412,0.397,0.387,0.369,0.417,0.393,0.354,0.334,0.305,0.3,0.19,0.179,0.179,0.161,0.164,0.158,2469,2389,2375,2568,2497,2675,3089,2971,2961,3364,3540,3611,6352,6318,6333,10804,12003,10763,23177,22657,20803,27102,27307,26700,33027,31137,28848,26602,25670,24519,8176,8017,8240,5253,5247,5463
270,0.429,0.41,0.409,0.416,0.41,0.412,0.434,0.415,0.425,0.42,0.416,0.42,0.447,0.434,0.433,0.423,0.422,0.426,0.437,0.423,0.42,0.408,0.398,0.378,0.433,0.414,0.38,0.356,0.324,0.32,0.194,0.185,0.183,0.161,0.164,0.159,2525,2439,2425,2655,2564,2755,3143,3029,3039,3465,3710,3729,6551,6705,6603,11674,13128,11377,25315,24950,23159,31203,31274,30721,38039,35970,33609,31525,30501,29215,9200,8984,9269,5615,5589,5839
285,0.431,0.411,0.411,0.42,0.416,0.416,0.433,0.416,0.431,0.426,0.422,0.427,0.446,0.436,0.437,0.433,0.426,0.427,0.436,0.423,0.422,0.418,0.408,0.388,0.449,0.426,0.39,0.378,0.345,0.341,0.199,0.189,0.188,0.162,0.165,0.16,2528,2443,2432,2695,2633,2808,3190,3088,3147,3588,3827,3868,6802,6934,6851,12321,14008,11849,26913,26689,24930,34883,34926,34373,42666,40500,38207,36290,35215,33761,10399,10069,10488,5997,5964,6232
300,0.429,0.411,0.411,0.419,0.421,0.421,0.431,0.416,0.437,0.43,0.424,0.429,0.448,0.441,0.442,0.44,0.435,0.432,0.437,0.422,0.423,0.428,0.416,0.399,0.463,0.44,0.4,0.388,0.355,0.351,0.204,0.194,0.193,0.163,0.166,0.161,2544,2454,2434,2728,2691,2845,3230,3124,3206,3666,3898,3961,6995,7123,7193,12739,14589,12287,28080,27838,26311,37856,37827,37446,46531,44433,42254,40851,39825,38261,11736,11300,11828,6394,6334,6653
315,0.428,0.409,0.411,0.418,0.419,0.421,0.429,0.415,0.436,0.428,0.425,0.429,0.45,0.439,0.44,0.439,0.439,0.436,0.436,0.422,0.425,0.434,0.419,0.403,0.475,0.45,0.41,0.4,0.364,0.361,0.208,0.199,0.197,0.164,0.166,0.162,2561,2468,2447,2750,2728,2864,3255,3158,3237,3705,3946,4022,7147,7214,7343,12960,14989,12608,28798,28712,27469,40289,40472,39882,49989,47734,45751,45092,44020,42263,13293,12703,13378,6795,6748,7080
330,0.427,0.408,0.411,0.417,0.418,0.42,0.427,0.415,0.434,0.429,0.426,0.428,0.447,0.438,0.438,0.439,0.44,0.434,0.435,0.423,0.424,0.434,0.419,0.404,0.479,0.457,0.416,0.409,0.375,0.37,0.216,0.204,0.202,0.164,0.166,0.163,2567,2479,2453,2770,2745,2881,3274,3183,3277,3754,3983,4069,7227,7264,7377,13093,15192,12798,29452,29324,28133,42057,41701,41948,52667,50472,48579,48871,47840,46093,15085,14236,15141,7182,7159,7486
345,0.425,0.408,0.411,0.417,0.417,0.42,0.425,0.415,0.433,0.427,0.427,0.427,0.445,0.436,0.436,0.439,0.441,0.432,0.437,0.425,0.426,0.433,0.42,0.404,0.484,0.462,0.419,0.417,0.378,0.376,0.221,0.208,0.208,0.164,0.167,0.164,2575,2482,2465,2779,2754,2897,3291,3201,3315,3780,4018,4114,7253,7297,7407,13172,15331,12891,30067,29842,28820,43132,42822,43006,54726,52630,50694,52236,51050,49317,16949,15928,16998,7585,7545,7881
360,0.424,0.408,0.41,0.417,0.416,0.42,0.423,0.414,0.432,0.427,0.428,0.425,0.442,0.434,0.434,0.439,0.442,0.431,0.438,0.427,0.427,0.434,0.421,0.405,0.486,0.464,0.421,0.424,0.384,0.383,0.227,0.214,0.213,0.166,0.167,0.164,2580,2485,2467,2790,2768,2907,3310,3215,3330,3801,4062,4150,7276,7323,7413,13210,15369,12947,30299,30181,29098,43913,44248,43807,56116,54000,52090,55130,53717,51873,18930,17714,18972,7934,7919,8252
375,0.424,0.408,0.411,0.417,0.416,0.42,0.423,0.414,0.431,0.426,0.429,0.424,0.44,0.433,0.432,0.439,0.443,0.43,0.437,0.427,0.426,0.435,0.422,0.407,0.489,0.466,0.424,0.432,0.391,0.389,0.232,0.221,0.218,0.166,0.168,0.165,2585,2496,2468,2796,2775,2920,3323,3228,3346,3822,4079,4175,7298,7341,7426,13248,15508,13030,30482,30437,29060,44442,44680,44345,57061,54888,53008,57481,56019,53990,20994,19613,21033,8284,8272,8613
390,0.424,0.408,0.41,0.417,0.415,0.42,0.423,0.413,0.43,0.426,0.43,0.423,0.438,0.432,0.43,0.439,0.444,0.428,0.437,0.426,0.425,0.437,0.421,0.407,0.487,0.464,0.423,0.435,0.394,0.39,0.236,0.225,0.222,0.166,0.168,0.166,2593,2501,2487,2806,2791,2930,3336,3251,3364,3855,4130,4201,7324,7367,7442,13336,15589,13091,30745,30636,29184,45140,45391,44781,57872,55686,53916,59270,57557,55483,23208,21613,23229,8591,8579,8918
405,0.424,0.409,0.411,0.418,0.416,0.421,0.422,0.413,0.43,0.427,0.43,0.423,0.438,0.431,0.429,0.44,0.446,0.428,0.435,0.426,0.424,0.437,0.421,0.407,0.487,0.465,0.426,0.438,0.396,0.392,0.241,0.23,0.226,0.167,0.169,0.166,2601,2513,2495,2820,2812,2940,3354,3261,3386,3890,4160,4236,7350,7408,7458,13403,15703,13178,30990,30933,29524,45645,46509,45408,58463,56301,54901,60609,59034,56860,25450,23722,25477,8878,8843,9183
420,0.424,0.41,0.411,0.417,0.416,0.422,0.422,0.413,0.43,0.427,0.432,0.422,0.437,0.43,0.429,0.441,0.448,0.427,0.434,0.425,0.423,0.437,0.424,0.408,0.486,0.464,0.423,0.438,0.397,0.394,0.247,0.234,0.229,0.167,0.169,0.166,2611,2525,2507,2838,2829,2955,3370,3277,3409,3920,4194,4267,7395,7455,7497,13479,15856,13288,31273,31237,29841,45870,47771,46028,59038,56854,55121,61914,60415,58045,27926,25889,27819,9135,9091,9464
435,0.425,0.41,0.411,0.419,0.416,0.423,0.422,0.413,0.43,0.428,0.433,0.422,0.435,0.43,0.429,0.442,0.449,0.427,0.434,0.424,0.421,0.435,0.418,0.406,0.483,0.463,0.424,0.44,0.398,0.396,0.251,0.236,0.232,0.166,0.169,0.166,2621,2531,2514,2853,2843,2976,3385,3293,3427,3952,4224,4292,7429,7467,7521,13529,15934,13340,31546,31524,30083,46307,47000,45847,59175,57429,55705,62827,61226,59524,30313,27886,30133,9366,9323,9674
450,0.427,0.41,0.413,0.42,0.417,0.423,0.422,0.414,0.43,0.428,0.435,0.422,0.435,0.43,0.429,0.443,0.451,0.427,0.433,0.425,0.421,0.434,0.421,0.405,0.48,0.461,0.423,0.441,0.398,0.397,0.256,0.242,0.236,0.167,0.169,0.167,2638,2553,2536,2877,2871,2998,3413,3327,3457,3985,4248,4336,7555,7584,7550,13652,16124,13490,31896,31892,30415,46704,48092,46650,59650,57821,56093,63769,62438,60040,32962,30305,32502,9580,9561,9910
465,0.428,0.411,0.413,0.421,0.419,0.425,0.422,0.415,0.43,0.428,0.437,0.422,0.435,0.43,0.429,0.444,0.454,0.427,0.432,0.425,0.421,0.433,0.415,0.405,0.479,0.459,0.421,0.441,0.397,0.398,0.262,0.246,0.241,0.167,0.169,0.167,2658,2564,2553,2900,2895,3018,3439,3352,3493,4030,4306,4382,7540,7574,7618,13754,16291,13618,32254,32274,30732,47198,47861,47427,60008,58306,56488,64631,63471,61357,35645,32714,35014,9810,9765,10137
480,0.429,0.412,0.415,0.422,0.42,0.426,0.423,0.416,0.431,0.428,0.439,0.422,0.435,0.431,0.43,0.445,0.456,0.428,0.432,0.425,0.421,0.433,0.418,0.405,0.476,0.457,0.42,0.441,0.397,0.398,0.27,0.252,0.246,0.167,0.169,0.168,2673,2582,2574,2916,2921,3039,3458,3378,3524,4059,4355,4417,7586,7625,7658,13859,16458,13730,32562,32594,31093,47616,49632,47994,60304,58796,56920,65396,64078,62100,38292,35144,37389,10034,9956,10345
495,0.431,0.414,0.417,0.424,0.421,0.428,0.424,0.417,0.431,0.429,0.44,0.423,0.435,0.432,0.431,0.446,0.459,0.429,0.433,0.425,0.421,0.432,0.416,0.406,0.475,0.456,0.419,0.442,0.397,0.398,0.274,0.26,0.251,0.167,0.169,0.168,2691,2601,2587,2942,2947,3068,3487,3401,3546,4098,4379,4451,7645,7683,7705,13957,16617,13851,32882,32978,31387,47981,48855,48453,60668,59168,57412,66176,65031,62682,40831,37447,39792,10220,10179,10527
510,0.432,0.416,0.418,0.425,0.423,0.43,0.425,0.418,0.432,0.43,0.441,0.423,0.435,0.432,0.431,0.448,0.46,0.429,0.433,0.426,0.422,0.432,0.413,0.407,0.472,0.454,0.418,0.441,0.396,0.397,0.278,0.262,0.254,0.167,0.169,0.167,2702,2615,2609,2963,2967,3092,3506,3428,3579,4130,4430,4481,7695,7735,7756,14073,16750,13972,33209,33289,31708,48452,49320,48824,60971,59701,57867,66801,65843,63236,43375,39846,42208,10381,10348,10690
525,0.434,0.417,0.42,0.426,0.424,0.432,0.427,0.42,0.433,0.431,0.444,0.423,0.436,0.433,0.432,0.45,0.463,0.431,0.433,0.426,0.422,0.431,0.416,0.408,0.47,0.453,0.418,0.441,0.397,0.397,0.282,0.267,0.258,0.167,0.17,0.168,2718,2628,2625,2985,3001,3115,3534,3451,3604,4169,4472,4520,7737,7779,7802,14185,16889,14077,33513,33612,32000,48944,50484,49179,61275,60156,58341,67409,66560,63890,45820,42158,44560,10529,10525,10860
540,0.435,0.419,0.422,0.428,0.426,0.434,0.428,0.421,0.434,0.433,0.446,0.425,0.437,0.435,0.433,0.452,0.467,0.432,0.434,0.427,0.423,0.431,0.417,0.408,0.467,0.451,0.417,0.44,0.397,0.396,0.287,0.271,0.262,0.168,0.17,0.168,2735,2645,2638,3005,3021,3131,3559,3475,3634,4205,4508,4546,7796,7835,7842,14272,17014,14178,33790,33939,32321,49408,51147,49494,61634,60533,58850,67975,67150,64605,48252,44337,46777,10713,10686,10989
555,0.436,0.422,0.424,0.43,0.428,0.436,0.429,0.423,0.436,0.434,0.448,0.427,0.438,0.437,0.434,0.454,0.469,0.433,0.435,0.428,0.424,0.431,0.418,0.409,0.465,0.451,0.418,0.439,0.397,0.396,0.292,0.275,0.267,0.167,0.17,0.168,2750,2664,2656,3019,3039,3158,3580,3502,3671,4228,4539,4584,7831,7884,7865,14368,17144,14280,34092,34259,32535,49838,51249,49800,62075,60959,59265,68488,67743,65225,50639,46468,48901,10840,10801,11144
570,0.438,0.424,0.426,0.432,0.431,0.439,0.431,0.425,0.438,0.436,0.45,0.428,0.439,0.438,0.436,0.457,0.472,0.435,0.436,0.43,0.424,0.432,0.419,0.409,0.463,0.451,0.418,0.438,0.398,0.396,0.297,0.279,0.272,0.168,0.17,0.168,2764,2679,2674,3037,3059,3178,3604,3532,3695,4271,4571,4619,7876,7937,7912,14480,17317,14403,34350,34577,32848,50318,51401,50262,62476,61354,59748,69068,68284,65871,52748,48670,50978,10978,10963,11271
585,0.44,0.426,0.429,0.434,0.433,0.441,0.434,0.428,0.439,0.438,0.453,0.431,0.44,0.44,0.437,0.459,0.476,0.437,0.438,0.431,0.426,0.433,0.419,0.411,0.464,0.451,0.419,0.438,0.4,0.395,0.302,0.284,0.275,0.168,0.17,0.168,2784,2695,2694,3066,3091,3201,3632,3549,3725,4317,4608,4658,7924,7992,7971,14589,17429,14513,34689,34901,33170,50775,51767,50620,62888,61912,60277,69811,69035,66463,54860,50700,52926,11122,11050,11411
600,0.442,0.427,0.431,0.435,0.435,0.444,0.436,0.43,0.441,0.44,0.455,0.432,0.441,0.441,0.438,0.461,0.478,0.439,0.439,0.432,0.427,0.433,0.419,0.413,0.462,0.45,0.42,0.437,0.401,0.396,0.307,0.287,0.28,0.168,0.17,0.168,2788,2706,2703,3084,3110,3221,3651,3576,3746,4341,4640,4694,7978,8019,7996,14673,17555,14613,34955,35183,33398,51089,52078,50968,63157,62149,60654,70266,69583,66836,56768,52543,54700,11238,11172,11510
615,0.443,0.43,0.434,0.438,0.438,0.447,0.438,0.432,0.444,0.443,0.458,0.435,0.443,0.443,0.441,0.464,0.482,0.442,0.441,0.434,0.428,0.434,0.421,0.414,0.461,0.45,0.421,0.437,0.402,0.397,0.312,0.292,0.286,0.168,0.17,0.168,2817,2729,2719,3103,3137,3250,3687,3620,3789,4383,4687,4740,8076,8133,8049,14794,17914,14819,35266,35474,33714,51457,52394,51353,63622,62529,61110,70873,70008,67504,58455,54247,56353,11335,11308,11623
630,0.446,0.434,0.437,0.441,0.441,0.45,0.44,0.434,0.446,0.446,0.461,0.438,0.444,0.445,0.442,0.468,0.486,0.444,0.443,0.436,0.43,0.436,0.423,0.417,0.462,0.452,0.421,0.437,0.404,0.398,0.317,0.297,0.29,0.168,0.17,0.169,2831,2740,2733,3121,3156,3276,3705,3625,3809,4414,4722,4773,8058,8131,8090,14873,17845,14852,35600,35812,34022,51943,52794,51736,64035,63052,61631,71623,70619,68220,60105,55949,58156,11462,11429,11757
645,0.448,0.436,0.439,0.442,0.444,0.453,0.443,0.436,0.449,0.448,0.464,0.44,0.446,0.447,0.444,0.47,0.489,0.446,0.445,0.438,0.432,0.437,0.424,0.417,0.462,0.453,0.422,0.436,0.405,0.399,0.323,0.302,0.295,0.168,0.17,0.168,2847,2759,2757,3144,3181,3301,3730,3655,3847,4458,4768,4819,8127,8187,8134,15004,18021,14945,35963,36190,34330,52401,53278,52258,64548,63583,62027,72251,71397,68801,61762,57642,59723,11586,11507,11868
660,0.451,0.439,0.442,0.445,0.447,0.455,0.446,0.439,0.452,0.451,0.467,0.443,0.448,0.45,0.446,0.473,0.493,0.449,0.447,0.439,0.434,0.439,0.426,0.42,0.463,0.453,0.424,0.436,0.407,0.401,0.329,0.307,0.3,0.168,0.171,0.169,2862,2775,2770,3166,3206,3324,3756,3679,3877,4490,4820,4853,8176,8229,8181,15099,18177,15074,36225,36457,34616,52878,53684,52650,65047,63993,62444,72749,71883,69458,63341,59132,61300,11673,11586,11972
675,0.453,0.441,0.445,0.448,0.45,0.458,0.448,0.44,0.455,0.453,0.47,0.446,0.449,0.452,0.448,0.476,0.496,0.452,0.449,0.441,0.437,0.441,0.428,0.421,0.463,0.455,0.426,0.435,0.409,0.403,0.333,0.313,0.304,0.169,0.17,0.168,2878,2792,2785,3185,3229,3348,3773,3699,3909,4525,4856,4889,8225,8283,8239,15197,18286,15206,36533,37190,34920,53235,54140,53016,65363,64436,62869,73251,72540,69970,64688,60542,62676,11792,11706,12094
690,0.456,0.444,0.448,0.451,0.455,0.461,0.451,0.443,0.458,0.456,0.474,0.449,0.452,0.453,0.45,0.48,0.5,0.455,0.451,0.444,0.439,0.443,0.431,0.423,0.464,0.456,0.427,0.434,0.411,0.406,0.339,0.318,0.31,0.169,0.17,0.168,2898,2808,2809,3208,3258,3369,3804,3721,3940,4569,4901,4928,8279,8333,8265,15268,18440,15288,36836,37076,35176,53615,54462,53418,65838,64734,63311,73783,73101,70417,65868,61741,63866,11873,11725,12158
705,0.458,0.447,0.452,0.453,0.458,0.464,0.454,0.446,0.46,0.46,0.477,0.451,0.454,0.456,0.452,0.482,0.504,0.457,0.454,0.446,0.441,0.444,0.433,0.424,0.465,0.458,0.429,0.435,0.413,0.408,0.345,0.324,0.316,0.169,0.171,0.168,2912,2827,2819,3233,3290,3398,3823,3742,3972,4609,4945,4963,8327,8391,8311,15380,18600,15373,37056,37360,35462,54078,54999,53712,66209,65267,63811,74228,73620,71030,67103,62979,65159,11954,11809,12237
720,0.461,0.45,0.454,0.456,0.462,0.467,0.457,0.449,0.464,0.463,0.48,0.454,0.456,0.459,0.454,0.486,0.508,0.46,0.457,0.45,0.444,0.447,0.435,0.426,0.466,0.46,0.431,0.435,0.415,0.411,0.35,0.329,0.321,0.169,0.171,0.169,2925,2842,2842,3257,3307,3422,3852,3773,4005,4643,5000,5010,8443,8431,8357,15486,18769,15508,37315,37645,35726,54490,55442,54094,66659,65697,64270,74741,74214,71409,68177,64082,66287,12049,11890,12313
735,0.464,0.453,0.459,0.459,0.465,0.47,0.46,0.451,0.467,0.466,0.484,0.457,0.458,0.461,0.456,0.488,0.511,0.464,0.459,0.452,0.447,0.449,0.438,0.429,0.467,0.461,0.434,0.436,0.417,0.413,0.358,0.334,0.327,0.169,0.172,0.169,2943,2854,2851,3266,3334,3438,3874,3789,4028,4678,5033,5037,8418,8491,8377,15550,18909,15620,37651,37955,35972,54801,55814,54519,67006,66051,64676,75172,74671,71900,69180,64811,67170,12142,11997,12379
750,0.466,0.456,0.461,0.462,0.469,0.473,0.463,0.454,0.47,0.469,0.487,0.459,0.46,0.464,0.458,0.491,0.515,0.467,0.462,0.455,0.449,0.451,0.44,0.431,0.469,0.463,0.436,0.436,0.42,0.415,0.363,0.34,0.332,0.169,0.171,0.168,2967,2876,2867,3296,3361,3467,3897,3823,4068,4723,5082,5073,8475,8528,8438,15665,19095,15730,37893,38236,36175,55195,56295,54970,67378,66542,65194,75531,75244,72495,70020,65777,67925,12205,12044,12471
765,0.47,0.459,0.465,0.465,0.473,0.476,0.466,0.458,0.472,0.472,0.49,0.462,0.463,0.467,0.46,0.494,0.519,0.47,0.465,0.459,0.452,0.454,0.442,0.433,0.47,0.464,0.439,0.437,0.422,0.418,0.368,0.345,0.337,0.169,0.171,0.168,2982,2893,2888,3319,3387,3493,3925,3850,4095,4757,5131,5137,8504,8586,8485,15773,19230,15847,38215,38574,36497,55637,56788,55326,67705,66928,65721,76104,75719,73075,70942,66382,68859,12292,12121,12531
780,0.473,0.462,0.468,0.468,0.477,0.48,0.469,0.46,0.476,0.476,0.495,0.465,0.465,0.469,0.463,0.497,0.523,0.474,0.469,0.462,0.455,0.456,0.446,0.436,0.472,0.466,0.441,0.439,0.425,0.422,0.373,0.35,0.342,0.169,0.171,0.168,3006,2917,2907,3337,3405,3519,3944,3872,4136,4792,5184,5174,8558,8642,8528,15873,19427,15941,38441,38843,36760,56074,57326,55663,68209,67296,66028,76674,76170,73464,71715,67124,69692,12329,12176,12556
795,0.476,0.465,0.473,0.471,0.48,0.484,0.472,0.463,0.479,0.478,0.498,0.467,0.467,0.472,0.465,0.501,0.526,0.477,0.472,0.466,0.458,0.459,0.449,0.438,0.473,0.468,0.443,0.44,0.428,0.425,0.377,0.354,0.347,0.169,0.171,0.168,3016,2921,2921,3353,3444,3540,3963,3894,4174,4831,5222,5216,8612,8687,8561,15968,19573,16035,38726,39135,37026,56395,57831,56056,68514,67674,66446,77112,76637,73936,72460,67701,70323,12362,12161,12600
810,0.478,0.468,0.476,0.474,0.484,0.486,0.476,0.466,0.482,0.482,0.501,0.47,0.47,0.475,0.468,0.504,0.53,0.48,0.475,0.469,0.462,0.462,0.451,0.441,0.474,0.47,0.446,0.442,0.43,0.428,0.382,0.358,0.349,0.169,0.171,0.167,3032,2939,2937,3371,3469,3564,3994,3921,4205,4876,5263,5264,8668,8733,8599,16078,19734,16158,39109,39484,37268,56817,58399,56469,68870,68067,66838,77491,77251,74442,72973,68295,70864,12421,12213,12603
825,0.481,0.471,0.48,0.477,0.487,0.49,0.479,0.469,0.484,0.485,0.505,0.472,0.472,0.478,0.47,0.507,0.534,0.483,0.478,0.472,0.465,0.464,0.453,0.444,0.476,0.472,0.447,0.443,0.433,0.431,0.386,0.361,0.354,0.169,0.171,0.167,3057,2966,2960,3395,3498,3589,4018,3944,4244,4926,5320,5312,8704,8784,8646,16173,19878,16256,39420,39790,37637,57349,58903,56862,69255,68398,67389,77929,77670,74931,73597,68870,71535,12440,12224,12618
840,0.484,0.474,0.483,0.48,0.491,0.494,0.483,0.472,0.487,0.488,0.509,0.475,0.475,0.481,0.473,0.511,0.537,0.486,0.481,0.476,0.47,0.467,0.456,0.447,0.478,0.474,0.45,0.445,0.436,0.434,0.389,0.365,0.356,0.168,0.171,0.168,3063,2981,2973,3417,3528,3617,4041,3974,4269,4963,5361,5365,8765,8834,8696,16274,20033,16368,39755,40165,37891,57718,59425,57318,69553,68912,67728,78393,78237,75437,74173,69265,71959,12448,12181,12602
855,0.487,0.478,0.487,0.483,0.495,0.497,0.486,0.476,0.491,0.492,0.513,0.478,0.477,0.484,0.475,0.514,0.541,0.49,0.485,0.48,0.474,0.47,0.459,0.45,0.48,0.477,0.453,0.446,0.438,0.438,0.391,0.367,0.359,0.169,0.17,0.168,3092,3005,2992,3442,3545,3637,4063,3998,4307,5011,5401,5400,8809,8929,8736,16404,20209,16534,40126,40578,38281,58231,60037,57977,70129,69498,68295,78988,78823,75977,74867,70085,72573,12516,12235,12662
870,0.49,0.482,0.491,0.486,0.499,0.5,0.489,0.479,0.494,0.494,0.515,0.48,0.48,0.487,0.477,0.517,0.544,0.493,0.488,0.483,0.477,0.472,0.462,0.453,0.481,0.478,0.455,0.448,0.441,0.44,0.394,0.369,0.362,0.168,0.17,0.167,3103,3015,3006,3454,3577,3664,4095,4021,4341,5053,5452,5443,8853,8945,8775,16528,20317,16610,40401,40840,38480,58626,60405,58266,70220,69615,68514,79255,79216,76329,75340,70073,73176,12507,12227,12636
885,0.493,0.485,0.494,0.489,0.501,0.503,0.492,0.482,0.495,0.498,0.518,0.482,0.481,0.49,0.48,0.52,0.548,0.495,0.491,0.487,0.48,0.475,0.465,0.455,0.482,0.48,0.457,0.45,0.442,0.443,0.396,0.371,0.363,0.168,0.17,0.167,3119,3031,3025,3482,3607,3690,4117,4048,4386,5091,5494,5483,8898,8995,8822,16633,20455,16735,40684,41158,38791,59110,60880,58773,70595,70055,68917,79636,79586,76774,75908,70641,73647,12462,12189,12651
900,0.495,0.489,0.498,0.492,0.504,0.507,0.496,0.484,0.498,0.5,0.522,0.484,0.484,0.493,0.482,0.523,0.551,0.498,0.494,0.49,0.483,0.478,0.468,0.458,0.485,0.482,0.46,0.452,0.445,0.446,0.398,0.372,0.365,0.168,0.17,0.167,3136,3049,3050,3500,3635,3720,4138,4070,4409,5142,5541,5529,8946,9064,8864,16745,20600,16831,40992,41529,39165,59642,61369,59206,70925,70386,69350,80165,80181,77172,76528,71097,74338,12548,12203,12623
