0,0,0,0,1,1,1,5,5,5,10,10,10,15,15,15,20,20,20,25,25,25,50,50,50,100,100,100,125,125,125,150,150,150,200,200,200,0,0,0,1,1,1,5,5,5,10,10,10,15,15,15,20,20,20,25,25,25,50,50,50,100,100,100,125,125,125,150,150,150,200,200,200
0,0.112,0.108,0.107,0.109,0.108,0.11,0.11,0.112,0.109,0.108,0.107,0.108,0.105,0.108,0.111,0.106,0.104,0.109,0.112,0.112,0.106,0.109,0.112,0.111,0.111,0.111,0.111,0.111,0.113,0.111,0.112,0.112,0.112,0.119,0.115,0.115,395,397,392,387,389,393,388,395,391,385,395,394,393,408,401,402,398,393,394,395,392,388,388,382,375,377,377,366,367,370,364,364,363,355,356,353
15,0.114,0.11,0.109,0.111,0.11,0.111,0.112,0.113,0.11,0.11,0.109,0.109,0.107,0.11,0.113,0.108,0.105,0.112,0.114,0.113,0.108,0.11,0.113,0.112,0.112,0.112,0.113,0.112,0.114,0.113,0.113,0.114,0.113,0.12,0.116,0.116,394,401,399,395,394,400,392,404,400,395,402,402,396,411,401,403,400,397,400,397,394,396,394,391,387,381,380,369,372,373,371,369,365,354,355,355
30,0.12,0.115,0.113,0.115,0.114,0.115,0.116,0.117,0.114,0.114,0.113,0.114,0.111,0.114,0.117,0.112,0.11,0.115,0.117,0.116,0.112,0.113,0.116,0.115,0.115,0.115,0.116,0.115,0.116,0.116,0.116,0.117,0.115,0.122,0.118,0.118,404,418,411,407,405,414,407,421,416,413,423,417,410,428,415,426,418,412,422,412,411,424,423,423,423,412,411,399,400,402,400,402,395,385,387,391
45,0.127,0.121,0.118,0.12,0.12,0.12,0.122,0.122,0.119,0.119,0.119,0.119,0.117,0.119,0.123,0.117,0.114,0.12,0.121,0.12,0.117,0.118,0.121,0.119,0.119,0.119,0.119,0.118,0.12,0.119,0.12,0.121,0.119,0.125,0.121,0.122,416,426,421,416,417,423,422,430,426,428,436,421,428,446,431,441,437,431,441,434,434,463,462,461,483,467,464,457,458,465,471,471,461,454,459,470
60,0.139,0.131,0.129,0.13,0.129,0.129,0.131,0.131,0.128,0.128,0.128,0.128,0.128,0.128,0.132,0.125,0.123,0.129,0.13,0.128,0.125,0.126,0.129,0.127,0.127,0.126,0.126,0.125,0.126,0.126,0.126,0.127,0.125,0.13,0.126,0.127,430,441,432,433,432,435,437,447,440,446,457,442,456,469,453,465,461,455,470,461,463,501,506,506,556,541,533,541,538,543,561,564,554,563,574,588
75,0.157,0.147,0.144,0.145,0.144,0.144,0.146,0.145,0.14,0.141,0.143,0.142,0.143,0.142,0.146,0.138,0.135,0.141,0.142,0.14,0.137,0.137,0.141,0.138,0.137,0.136,0.135,0.134,0.135,0.135,0.135,0.137,0.133,0.137,0.134,0.134,452,460,453,454,450,456,459,467,463,474,482,471,494,504,486,503,494,491,508,501,502,565,567,574,661,638,629,646,644,650,688,690,675,704,719,736
90,0.185,0.17,0.166,0.168,0.166,0.165,0.168,0.165,0.16,0.161,0.165,0.164,0.166,0.162,0.166,0.158,0.154,0.161,0.161,0.157,0.156,0.155,0.159,0.155,0.153,0.149,0.149,0.147,0.147,0.148,0.148,0.15,0.146,0.147,0.144,0.144,500,499,488,492,486,491,499,511,502,527,537,530,573,567,549,571,560,557,582,573,576,680,697,699,848,811,791,826,822,836,896,899,867,907,925,954
105,0.223,0.204,0.199,0.202,0.197,0.196,0.201,0.197,0.189,0.191,0.195,0.194,0.199,0.192,0.196,0.186,0.181,0.189,0.187,0.183,0.182,0.18,0.184,0.18,0.175,0.169,0.168,0.165,0.165,0.167,0.166,0.168,0.163,0.161,0.158,0.158,578,569,552,568,555,556,580,595,577,631,641,641,721,694,674,708,688,691,735,724,733,922,953,954,1209,1145,1108,1155,1148,1176,1259,1277,1206,1239,1266,1312
120,0.257,0.236,0.233,0.236,0.236,0.236,0.24,0.235,0.229,0.226,0.235,0.233,0.237,0.231,0.235,0.224,0.217,0.226,0.224,0.217,0.217,0.214,0.219,0.214,0.207,0.197,0.195,0.19,0.189,0.192,0.191,0.193,0.186,0.181,0.178,0.179,700,677,654,680,665,666,717,726,707,812,822,829,987,917,890,964,929,941,1019,1000,1020,1385,1454,1431,1870,1750,1689,1748,1723,1785,1897,1928,1802,1783,1827,1890
135,0.302,0.28,0.277,0.284,0.276,0.273,0.281,0.273,0.265,0.266,0.272,0.27,0.283,0.266,0.272,0.261,0.252,0.261,0.258,0.251,0.251,0.248,0.254,0.246,0.242,0.229,0.226,0.219,0.219,0.222,0.219,0.222,0.216,0.205,0.203,0.204,893,850,824,867,841,840,941,948,921,1130,1131,1150,1471,1321,1276,1424,1358,1390,1541,1509,1548,2265,2400,2327,3039,2824,2697,2748,2695,2819,2937,2992,2767,2646,2725,2784
150,0.347,0.319,0.314,0.324,0.316,0.312,0.323,0.314,0.307,0.305,0.315,0.312,0.323,0.308,0.314,0.308,0.297,0.305,0.301,0.295,0.295,0.295,0.299,0.291,0.282,0.265,0.26,0.252,0.252,0.255,0.252,0.254,0.248,0.235,0.232,0.233,1142,1107,1057,1131,1091,1085,1262,1268,1234,1633,1585,1616,2209,1930,1861,2166,2059,2110,2395,2364,2414,3843,4050,3915,5120,4748,4491,4469,4359,4598,4685,4789,4372,3997,4097,4147
165,0.4,0.367,0.36,0.375,0.363,0.359,0.375,0.365,0.357,0.351,0.364,0.36,0.372,0.355,0.361,0.353,0.34,0.348,0.342,0.335,0.336,0.331,0.336,0.329,0.326,0.304,0.3,0.293,0.291,0.294,0.288,0.292,0.283,0.27,0.267,0.269,1452,1405,1339,1463,1417,1421,1695,1707,1674,2339,2213,2282,3237,2810,2714,3257,3082,3176,3649,3591,3651,6155,6417,6282,8276,7674,7267,7112,6954,7316,7313,7448,6834,6087,6238,6281
180,0.42,0.389,0.388,0.407,0.396,0.394,0.413,0.403,0.408,0.393,0.403,0.401,0.413,0.404,0.407,0.402,0.384,0.395,0.383,0.374,0.373,0.368,0.372,0.365,0.366,0.338,0.334,0.324,0.322,0.324,0.317,0.321,0.315,0.305,0.301,0.302,1742,1717,1647,1840,1770,1772,2164,2191,2178,3133,2894,3004,4289,3800,3650,4492,4262,4377,5063,5056,5080,9023,9315,9268,12294,11464,10900,10726,10486,10955,10783,10986,10241,8954,9162,9154
195,0.431,0.402,0.401,0.426,0.412,0.409,0.43,0.422,0.428,0.41,0.419,0.416,0.433,0.42,0.422,0.421,0.402,0.413,0.404,0.398,0.395,0.406,0.408,0.402,0.404,0.37,0.367,0.354,0.354,0.354,0.344,0.348,0.347,0.335,0.33,0.331,1963,1956,1900,2128,2074,2084,2550,2589,2619,3789,3503,3628,5133,4662,4500,5660,5402,5528,6501,6569,6521,11751,12052,12046,16899,15803,15026,14709,14452,14940,14605,14757,14092,12529,12808,12669
210,0.43,0.403,0.402,0.433,0.419,0.415,0.437,0.431,0.437,0.418,0.427,0.422,0.443,0.427,0.432,0.432,0.415,0.425,0.414,0.408,0.405,0.418,0.418,0.414,0.444,0.401,0.399,0.381,0.381,0.381,0.372,0.373,0.376,0.362,0.356,0.357,2089,2107,2051,2321,2268,2284,2783,2843,2927,4228,3874,4042,5646,5201,5052,6440,6203,6306,7495,7635,7583,14248,14649,14590,21291,19987,19193,19041,18670,19132,18740,18846,18262,16524,16777,16635
225,0.426,0.401,0.396,0.438,0.415,0.411,0.432,0.427,0.438,0.419,0.424,0.42,0.442,0.426,0.432,0.436,0.417,0.426,0.415,0.41,0.407,0.423,0.423,0.42,0.475,0.429,0.426,0.414,0.41,0.415,0.396,0.4,0.4,0.388,0.383,0.384,2194,2226,2154,2485,2389,2422,2908,2991,3100,4476,4071,4230,5906,5443,5295,6847,6617,6722,8036,8230,8195,16087,16432,16466,25531,23939,22940,23065,22416,22968,22643,22562,22298,20417,20699,20401
240,0.424,0.411,0.397,0.432,0.41,0.414,0.422,0.424,0.435,0.417,0.42,0.415,0.439,0.424,0.429,0.432,0.412,0.423,0.408,0.403,0.405,0.423,0.421,0.42,0.492,0.44,0.434,0.435,0.432,0.428,0.424,0.425,0.432,0.414,0.407,0.412,2266,2301,2230,2584,2482,2523,3007,3090,3225,4625,4193,4373,6068,5560,5429,7004,6796,6903,8216,8415,8576,17065,17438,17605,28915,27311,26167,26665,25951,26319,26297,26099,25994,24309,24636,24271
255,0.433,0.42,0.409,0.441,0.422,0.425,0.422,0.437,0.44,0.422,0.424,0.421,0.437,0.431,0.427,0.433,0.412,0.422,0.404,0.4,0.399,0.417,0.42,0.417,0.501,0.444,0.439,0.439,0.438,0.434,0.43,0.432,0.44,0.442,0.436,0.433,2315,2354,2274,2656,2514,2570,3040,3149,3280,4747,4256,4458,6103,5633,5474,7067,6860,6991,8270,8534,8621,17709,17901,18212,31328,29830,28498,29556,28761,29102,29308,29175,29221,27781,28057,27697
270,0.439,0.421,0.412,0.453,0.427,0.427,0.423,0.441,0.448,0.432,0.427,0.422,0.44,0.436,0.434,0.438,0.418,0.431,0.409,0.409,0.403,0.417,0.421,0.418,0.504,0.447,0.442,0.442,0.444,0.438,0.436,0.437,0.446,0.464,0.455,0.46,2342,2350,2311,2719,2546,2596,3096,3187,3358,4860,4304,4521,6142,5696,5565,7125,6939,7076,8324,8609,8691,17791,18205,18559,32906,31654,30280,31747,30929,31133,31609,31416,31828,31043,31370,30859
285,0.437,0.424,0.412,0.456,0.428,0.429,0.43,0.444,0.45,0.437,0.43,0.426,0.446,0.437,0.438,0.443,0.422,0.437,0.418,0.416,0.413,0.425,0.427,0.425,0.506,0.452,0.45,0.445,0.445,0.445,0.439,0.439,0.449,0.471,0.463,0.462,2355,2358,2321,2747,2567,2615,3129,3198,3382,4913,4324,4540,6203,5712,5598,7192,6994,7148,8469,8724,8847,17974,18431,18821,33959,32900,31408,33331,32405,32795,33299,32880,33765,33561,33912,33403
300,0.435,0.422,0.411,0.454,0.43,0.429,0.433,0.443,0.453,0.438,0.43,0.425,0.449,0.438,0.438,0.444,0.424,0.439,0.42,0.418,0.416,0.431,0.432,0.43,0.508,0.457,0.453,0.447,0.45,0.445,0.441,0.442,0.449,0.478,0.47,0.47,2365,2375,2335,2769,2591,2628,3124,3184,3363,4920,4344,4548,6220,5722,5601,7226,7009,7169,8509,8747,8800,18268,18690,19121,34592,33970,32450,34290,33534,33782,34451,34079,35003,35438,35844,35313
315,0.432,0.421,0.41,0.454,0.43,0.429,0.432,0.438,0.449,0.44,0.432,0.427,0.449,0.438,0.439,0.444,0.424,0.44,0.421,0.417,0.417,0.432,0.433,0.432,0.512,0.461,0.455,0.451,0.453,0.451,0.446,0.445,0.456,0.481,0.474,0.477,2372,2387,2341,2781,2606,2637,3111,3195,3357,4917,4351,4562,6224,5722,5608,7227,7012,7158,8518,8735,8815,18400,18734,19258,35109,35337,33538,35342,34183,34975,35371,35010,35991,36921,37223,36679
330,0.43,0.42,0.409,0.454,0.431,0.429,0.429,0.437,0.448,0.44,0.432,0.427,0.449,0.438,0.438,0.442,0.423,0.44,0.421,0.417,0.418,0.432,0.432,0.432,0.512,0.461,0.46,0.453,0.455,0.458,0.453,0.45,0.457,0.483,0.478,0.476,2377,2399,2352,2788,2625,2649,3100,3205,3368,4923,4368,4580,6225,5723,5619,7229,7025,7173,8529,8713,8827,18457,18720,19324,35395,36332,34638,36135,34961,35789,36202,35790,36844,37899,38363,37743
345,0.43,0.42,0.409,0.454,0.432,0.43,0.426,0.438,0.447,0.44,0.433,0.427,0.448,0.437,0.438,0.442,0.422,0.439,0.42,0.416,0.418,0.432,0.432,0.433,0.513,0.462,0.462,0.453,0.461,0.46,0.457,0.458,0.46,0.486,0.48,0.478,2387,2406,2361,2802,2643,2663,3104,3221,3380,4934,4379,4589,6224,5732,5629,7240,7013,7191,8539,8717,8834,18464,18707,19327,35588,36754,34983,36979,36039,36513,36954,36542,37614,38771,39265,38575
360,0.428,0.419,0.407,0.454,0.432,0.429,0.423,0.437,0.446,0.44,0.432,0.427,0.448,0.436,0.437,0.441,0.42,0.438,0.42,0.414,0.417,0.432,0.431,0.432,0.512,0.461,0.458,0.453,0.46,0.458,0.456,0.455,0.466,0.488,0.482,0.482,2398,2420,2375,2817,2661,2680,3119,3239,3394,4949,4371,4583,6227,5738,5630,7243,7016,7192,8553,8709,8846,18461,18674,19369,35854,36951,35214,37850,36663,37381,37713,37097,38296,39404,39990,39329
375,0.429,0.421,0.407,0.455,0.433,0.431,0.423,0.439,0.447,0.441,0.431,0.424,0.448,0.435,0.438,0.441,0.42,0.439,0.42,0.413,0.417,0.432,0.432,0.432,0.512,0.463,0.462,0.452,0.458,0.457,0.456,0.453,0.467,0.491,0.485,0.482,2412,2436,2390,2829,2676,2698,3126,3261,3415,4950,4378,4589,6235,5723,5644,7248,7039,7202,8560,8693,8844,18456,18685,19369,36275,37057,35363,38221,37367,37979,38347,38035,39002,40042,40597,39704
390,0.429,0.422,0.407,0.455,0.434,0.432,0.422,0.439,0.447,0.439,0.43,0.424,0.448,0.435,0.437,0.44,0.419,0.437,0.419,0.413,0.417,0.432,0.431,0.433,0.511,0.463,0.465,0.451,0.46,0.458,0.46,0.455,0.466,0.492,0.487,0.487,2425,2451,2404,2843,2699,2718,3145,3282,3432,4958,4395,4601,6251,5745,5654,7268,7046,7217,8564,8709,8838,18470,18689,19402,36588,37234,35540,38439,37760,38184,39072,38542,39583,40654,41205,40379
405,0.429,0.423,0.407,0.456,0.435,0.434,0.421,0.441,0.448,0.438,0.431,0.423,0.448,0.435,0.437,0.441,0.418,0.438,0.42,0.412,0.417,0.431,0.431,0.433,0.509,0.464,0.467,0.45,0.455,0.456,0.463,0.455,0.471,0.494,0.488,0.485,2438,2467,2421,2864,2714,2736,3157,3298,3456,4979,4410,4618,6268,5746,5672,7284,7051,7231,8570,8709,8851,18483,18678,19410,36701,37403,35751,38762,37800,38367,39517,39117,40295,41222,41763,40897
420,0.43,0.425,0.408,0.458,0.436,0.435,0.42,0.44,0.449,0.437,0.431,0.424,0.45,0.434,0.437,0.44,0.418,0.437,0.419,0.411,0.416,0.43,0.431,0.433,0.507,0.465,0.467,0.449,0.457,0.454,0.463,0.454,0.472,0.497,0.49,0.486,2453,2480,2432,2886,2732,2756,3181,3311,3471,4994,4428,4639,6279,5742,5669,7290,7073,7254,8593,8700,8865,18433,18677,19448,36763,37564,35881,39073,38315,38495,40042,39414,41013,41761,42285,41373
435,0.43,0.426,0.407,0.459,0.437,0.437,0.42,0.441,0.45,0.439,0.432,0.425,0.45,0.432,0.435,0.44,0.418,0.438,0.42,0.41,0.417,0.43,0.432,0.434,0.506,0.466,0.469,0.448,0.455,0.455,0.459,0.458,0.467,0.495,0.49,0.487,2470,2497,2453,2904,2750,2774,3198,3330,3492,5019,4451,4661,6297,5733,5663,7315,7080,7276,8599,8719,8883,18443,18679,19482,36774,37739,36119,39408,38348,38828,40476,39822,41421,42233,42815,41810
450,0.431,0.427,0.409,0.46,0.439,0.439,0.42,0.442,0.451,0.44,0.433,0.426,0.451,0.43,0.433,0.44,0.418,0.437,0.421,0.41,0.417,0.43,0.432,0.435,0.505,0.467,0.47,0.448,0.454,0.455,0.461,0.456,0.471,0.496,0.494,0.486,2482,2510,2466,2923,2772,2795,3205,3348,3507,5044,4467,4681,6323,5753,5668,7317,7094,7277,8624,8719,8892,18396,18666,19458,36756,37840,36293,39739,38649,39217,40886,40330,41929,42704,43233,42275
465,0.431,0.43,0.41,0.462,0.441,0.442,0.421,0.443,0.452,0.441,0.435,0.427,0.451,0.429,0.432,0.441,0.419,0.438,0.421,0.41,0.418,0.431,0.433,0.436,0.506,0.469,0.472,0.448,0.456,0.456,0.457,0.454,0.469,0.497,0.491,0.485,2498,2527,2486,2942,2788,2814,3229,3360,3533,5066,4484,4699,6325,5769,5686,7331,7107,7294,8649,8727,8922,18406,18694,19510,36799,38045,36488,39967,39168,39575,41278,40900,42375,43177,43793,42746
480,0.431,0.431,0.411,0.465,0.443,0.443,0.421,0.445,0.454,0.443,0.436,0.429,0.45,0.429,0.432,0.441,0.419,0.437,0.422,0.41,0.419,0.431,0.434,0.436,0.506,0.47,0.473,0.449,0.457,0.457,0.46,0.457,0.468,0.497,0.492,0.486,2509,2548,2498,2964,2810,2830,3245,3381,3551,5095,4506,4714,6343,5786,5701,7314,7096,7264,8651,8736,8934,18389,18703,19537,36745,38152,36719,40332,39626,39936,41600,41285,42778,43683,44317,43118
495,0.432,0.434,0.413,0.467,0.446,0.447,0.421,0.446,0.456,0.445,0.439,0.432,0.45,0.43,0.432,0.439,0.418,0.435,0.423,0.411,0.42,0.432,0.435,0.438,0.507,0.473,0.475,0.45,0.455,0.459,0.46,0.457,0.47,0.495,0.491,0.482,2526,2561,2512,2987,2830,2851,3257,3397,3567,5120,4525,4740,6381,5796,5717,7311,7125,7277,8686,8751,8931,18444,18682,19564,36832,38305,36924,40702,39996,40385,42190,41669,43196,44105,44778,43544
510,0.433,0.436,0.414,0.469,0.449,0.449,0.422,0.447,0.457,0.447,0.441,0.433,0.451,0.431,0.433,0.437,0.417,0.434,0.424,0.411,0.421,0.432,0.436,0.439,0.508,0.474,0.477,0.451,0.456,0.46,0.467,0.458,0.469,0.495,0.49,0.483,2542,2580,2529,3007,2846,2869,3275,3413,3588,5143,4541,4751,6413,5799,5731,7328,7145,7309,8694,8738,8943,18421,18729,19575,36872,38497,37101,40974,40328,40802,42583,42199,43719,44648,45402,44086
525,0.434,0.438,0.416,0.473,0.451,0.452,0.423,0.449,0.459,0.45,0.444,0.436,0.452,0.433,0.435,0.438,0.418,0.434,0.427,0.413,0.421,0.434,0.438,0.44,0.509,0.476,0.479,0.453,0.455,0.461,0.472,0.459,0.476,0.494,0.49,0.483,2560,2598,2543,3032,2870,2890,3294,3427,3605,5181,4555,4781,6425,5826,5751,7356,7169,7330,8723,8763,8958,18432,18755,19633,36940,38669,37296,41325,40620,41122,43069,42576,44172,45126,45876,44515
540,0.435,0.441,0.418,0.476,0.455,0.455,0.424,0.451,0.461,0.452,0.446,0.438,0.454,0.434,0.436,0.438,0.419,0.435,0.428,0.414,0.422,0.436,0.44,0.443,0.51,0.478,0.48,0.455,0.456,0.461,0.465,0.458,0.476,0.492,0.488,0.48,2573,2613,2560,3062,2888,2900,3310,3439,3630,5217,4581,4801,6448,5832,5774,7374,7175,7342,8725,8760,8968,18456,18738,19599,36929,38804,37470,41720,40942,41570,43498,43300,44566,45640,46374,44968
555,0.437,0.444,0.42,0.479,0.458,0.457,0.426,0.453,0.463,0.455,0.449,0.442,0.456,0.435,0.438,0.439,0.421,0.437,0.427,0.414,0.422,0.437,0.441,0.444,0.512,0.48,0.483,0.456,0.456,0.463,0.468,0.459,0.481,0.492,0.491,0.482,2591,2631,2575,3090,2910,2924,3332,3461,3649,5245,4600,4824,6486,5845,5785,7386,7203,7374,8747,8738,8961,18445,18785,19675,37050,38942,37657,42090,41163,42020,43939,43576,45166,46022,46870,45495
570,0.439,0.447,0.423,0.483,0.461,0.46,0.427,0.455,0.466,0.458,0.452,0.444,0.457,0.437,0.44,0.441,0.423,0.439,0.427,0.413,0.422,0.439,0.444,0.446,0.514,0.482,0.485,0.458,0.457,0.463,0.47,0.461,0.478,0.492,0.492,0.483,2613,2652,2596,3113,2934,2943,3343,3481,3671,5282,4620,4844,6495,5856,5814,7410,7224,7407,8769,8774,8991,18460,18808,19665,37132,39088,37862,42491,41446,42426,44376,44045,45628,46609,47420,46047
585,0.44,0.449,0.425,0.485,0.464,0.463,0.429,0.456,0.468,0.461,0.455,0.447,0.459,0.439,0.442,0.443,0.425,0.44,0.428,0.413,0.422,0.44,0.445,0.448,0.516,0.485,0.488,0.46,0.457,0.464,0.469,0.46,0.476,0.49,0.488,0.481,2628,2668,2611,3141,2959,2956,3369,3499,3696,5324,4643,4859,6539,5873,5838,7425,7235,7417,8816,8796,9022,18456,18797,19666,37116,39172,38062,42893,41781,42841,44783,44677,46096,47026,47935,46385
600,0.443,0.452,0.428,0.489,0.468,0.466,0.43,0.458,0.471,0.465,0.458,0.45,0.461,0.441,0.444,0.445,0.427,0.443,0.43,0.414,0.423,0.443,0.448,0.449,0.517,0.487,0.489,0.463,0.457,0.466,0.47,0.461,0.474,0.489,0.492,0.481,2645,2684,2626,3169,2983,2981,3390,3519,3720,5350,4668,4884,6566,5884,5852,7445,7257,7441,8842,8818,9044,18448,18823,19665,37223,39346,38179,43281,42087,43257,45172,44995,46532,47534,48319,46849
615,0.445,0.455,0.431,0.492,0.471,0.469,0.433,0.462,0.474,0.469,0.461,0.454,0.464,0.443,0.446,0.447,0.43,0.445,0.432,0.416,0.425,0.445,0.451,0.451,0.519,0.49,0.492,0.465,0.458,0.467,0.469,0.462,0.481,0.494,0.493,0.48,2660,2701,2648,3197,3012,2995,3414,3533,3751,5387,4692,4917,6603,5890,5865,7472,7271,7453,8875,8845,9071,18468,18837,19659,37263,39440,38375,43670,42538,43679,45689,45552,47160,47929,48825,47349
630,0.447,0.458,0.433,0.496,0.475,0.472,0.434,0.464,0.476,0.472,0.465,0.457,0.466,0.444,0.449,0.449,0.432,0.447,0.434,0.418,0.427,0.447,0.453,0.453,0.521,0.492,0.495,0.468,0.458,0.468,0.467,0.462,0.486,0.49,0.49,0.48,2674,2721,2665,3228,3038,3009,3444,3553,3775,5432,4717,4933,6627,5913,5889,7475,7291,7482,8890,8855,9104,18513,18867,19711,37240,39423,38526,44099,42909,44068,46107,45952,47634,48522,49201,47645
645,0.449,0.462,0.437,0.5,0.478,0.476,0.437,0.466,0.479,0.475,0.468,0.46,0.469,0.448,0.452,0.452,0.436,0.451,0.437,0.42,0.429,0.449,0.455,0.454,0.523,0.495,0.497,0.47,0.46,0.47,0.468,0.464,0.482,0.496,0.489,0.479,2691,2742,2684,3251,3063,3039,3474,3576,3807,5459,4740,4967,6656,5910,5913,7500,7316,7516,8925,8877,9113,18537,18881,19700,37092,39395,38617,44522,43299,44466,46558,46523,47983,48830,49589,48380
660,0.452,0.465,0.439,0.503,0.482,0.48,0.439,0.469,0.482,0.479,0.471,0.463,0.471,0.45,0.454,0.454,0.439,0.453,0.439,0.422,0.432,0.451,0.458,0.456,0.524,0.497,0.499,0.473,0.461,0.471,0.47,0.465,0.486,0.498,0.486,0.478,2717,2763,2700,3276,3090,3049,3506,3603,3832,5493,4770,4994,6684,5922,5931,7528,7350,7542,8947,8888,9135,18564,18947,19709,36932,39432,38748,44877,43630,44907,46963,46919,48588,49239,50395,48568
675,0.454,0.467,0.443,0.507,0.485,0.483,0.441,0.472,0.485,0.483,0.475,0.467,0.473,0.452,0.457,0.457,0.442,0.456,0.441,0.424,0.435,0.453,0.461,0.457,0.527,0.5,0.502,0.474,0.463,0.474,0.471,0.466,0.488,0.494,0.49,0.476,2732,2778,2722,3307,3117,3079,3537,3621,3861,5540,4803,5029,6715,5948,5937,7546,7367,7570,8970,8914,9163,18584,18960,19716,36940,39469,38757,45313,44107,45281,47476,47489,49020,49553,51079,49091
690,0.456,0.471,0.446,0.511,0.489,0.487,0.443,0.475,0.487,0.486,0.478,0.47,0.476,0.454,0.459,0.46,0.445,0.459,0.444,0.427,0.437,0.456,0.463,0.459,0.53,0.502,0.504,0.477,0.465,0.475,0.472,0.467,0.48,0.493,0.493,0.476,2747,2804,2740,3339,3153,3098,3572,3645,3893,5576,4829,5070,6739,5967,5974,7567,7404,7602,9001,8922,9188,18610,19006,19752,36984,39583,38884,45664,44418,45526,47966,47821,49428,50242,51548,49431
705,0.458,0.474,0.448,0.515,0.492,0.49,0.446,0.477,0.49,0.49,0.481,0.473,0.478,0.457,0.462,0.462,0.448,0.462,0.446,0.429,0.44,0.457,0.465,0.461,0.532,0.505,0.506,0.479,0.467,0.478,0.474,0.469,0.485,0.496,0.489,0.475,2772,2826,2756,3365,3182,3118,3600,3674,3922,5603,4859,5085,6783,5974,5992,7604,7432,7632,9014,8949,9219,18666,19078,19771,37025,39693,38997,45847,44618,45868,48367,48353,49818,51025,51539,49987
720,0.46,0.477,0.451,0.519,0.496,0.494,0.448,0.48,0.493,0.493,0.485,0.477,0.48,0.459,0.465,0.466,0.451,0.465,0.448,0.431,0.443,0.459,0.468,0.463,0.535,0.507,0.509,0.481,0.47,0.481,0.478,0.471,0.487,0.49,0.494,0.477,2787,2844,2782,3400,3204,3142,3631,3697,3950,5646,4883,5123,6806,6000,6018,7631,7462,7658,9046,8959,9253,18715,19100,19819,37230,39754,39149,46262,45056,46465,48504,48370,49873,51226,52512,50614
735,0.463,0.481,0.454,0.523,0.5,0.498,0.451,0.483,0.496,0.498,0.489,0.481,0.483,0.462,0.469,0.469,0.455,0.468,0.451,0.435,0.446,0.462,0.47,0.465,0.538,0.51,0.511,0.484,0.472,0.483,0.483,0.474,0.498,0.502,0.487,0.482,2810,2867,2798,3427,3232,3163,3658,3721,3975,5684,4915,5159,6831,6009,6034,7652,7487,7697,9066,8983,9284,18734,19143,19831,37357,39851,39243,46750,45649,47122,49073,49195,50381,51918,52701,50945
750,0.465,0.484,0.457,0.526,0.503,0.501,0.453,0.486,0.499,0.5,0.491,0.484,0.485,0.465,0.471,0.471,0.458,0.471,0.454,0.436,0.449,0.464,0.472,0.467,0.539,0.512,0.514,0.486,0.475,0.485,0.485,0.476,0.503,0.494,0.496,0.487,2829,2886,2816,3451,3260,3179,3687,3740,4003,5698,4935,5183,6852,6029,6041,7678,7509,7720,9094,9009,9311,18730,19169,19867,37498,39881,39328,47217,46392,47784,50038,49990,51332,52583,53307,51413
765,0.467,0.487,0.459,0.53,0.507,0.505,0.455,0.488,0.502,0.503,0.494,0.487,0.487,0.467,0.473,0.475,0.46,0.473,0.456,0.438,0.452,0.465,0.474,0.468,0.54,0.514,0.516,0.487,0.478,0.487,0.486,0.477,0.504,0.496,0.495,0.476,2846,2907,2841,3487,3284,3202,3717,3767,4033,5747,4963,5220,6910,6042,6086,7715,7534,7763,9119,9028,9367,18798,19202,19877,37571,40051,39456,47973,47027,48444,50980,51093,52298,53236,53590,52027
780,0.47,0.489,0.463,0.534,0.51,0.508,0.457,0.491,0.505,0.506,0.497,0.49,0.49,0.469,0.476,0.477,0.464,0.477,0.458,0.441,0.455,0.468,0.476,0.47,0.541,0.517,0.518,0.49,0.481,0.489,0.484,0.476,0.501,0.5,0.492,0.482,2870,2937,2861,3510,3317,3224,3744,3790,4063,5768,4991,5241,6918,6056,6105,7744,7565,7796,9131,9040,9376,18828,19208,19936,37704,40076,39625,48487,47632,48994,51756,51541,53009,53754,54040,52607
795,0.472,0.493,0.466,0.538,0.513,0.512,0.46,0.494,0.507,0.509,0.5,0.493,0.491,0.472,0.479,0.48,0.467,0.48,0.46,0.443,0.457,0.47,0.478,0.472,0.542,0.519,0.521,0.492,0.483,0.492,0.483,0.477,0.501,0.5,0.495,0.475,2896,2956,2884,3540,3346,3247,3768,3815,4090,5800,5019,5285,6963,6068,6133,7763,7604,7835,9163,9075,9402,18889,19300,19978,37826,40299,39734,49048,48328,49698,52393,52026,53606,54234,54782,52959
810,0.475,0.496,0.469,0.542,0.517,0.515,0.461,0.497,0.511,0.512,0.503,0.496,0.494,0.474,0.482,0.482,0.469,0.483,0.461,0.445,0.46,0.471,0.48,0.473,0.544,0.521,0.523,0.494,0.485,0.493,0.484,0.479,0.499,0.495,0.501,0.483,2909,2974,2909,3569,3372,3266,3794,3840,4119,5841,5052,5309,6986,6091,6157,7805,7635,7859,9171,9086,9428,18934,19330,20004,37901,40342,39921,49669,48892,50251,52895,52547,54122,54515,55168,53007
825,0.477,0.499,0.472,0.545,0.52,0.519,0.463,0.499,0.513,0.514,0.506,0.499,0.496,0.477,0.485,0.485,0.472,0.486,0.464,0.448,0.462,0.473,0.481,0.475,0.544,0.523,0.525,0.497,0.487,0.495,0.484,0.478,0.499,0.499,0.524,0.489,2929,3001,2924,3603,3398,3294,3817,3872,4144,5873,5076,5349,7019,6115,6191,7830,7657,7899,9199,9114,9457,18974,19378,20052,38032,40467,40006,50239,49440,50832,53409,53181,54495,54793,55753,53525
840,0.479,0.502,0.475,0.549,0.524,0.522,0.465,0.502,0.516,0.517,0.508,0.501,0.498,0.479,0.488,0.487,0.475,0.488,0.465,0.45,0.465,0.474,0.483,0.477,0.546,0.525,0.528,0.498,0.488,0.498,0.484,0.48,0.506,0.507,0.512,0.477,2953,3012,2944,3618,3425,3313,3844,3890,4177,5893,5107,5368,7048,6119,6201,7834,7684,7931,9207,9131,9466,19011,19396,20115,38152,40596,40090,50750,49921,51417,53891,53687,55093,55085,55993,53932
855,0.482,0.506,0.478,0.553,0.527,0.526,0.467,0.505,0.519,0.52,0.512,0.504,0.5,0.481,0.491,0.489,0.478,0.491,0.467,0.453,0.467,0.476,0.484,0.478,0.547,0.527,0.53,0.501,0.49,0.5,0.485,0.48,0.505,0.506,0.521,0.491,2973,3039,2968,3649,3451,3340,3870,3918,4201,5931,5125,5405,7064,6136,6229,7872,7719,7962,9231,9151,9500,19034,19451,20141,38241,40811,40204,51331,50496,51864,54391,54068,55545,55709,56564,54473
870,0.485,0.508,0.482,0.556,0.531,0.529,0.469,0.508,0.521,0.522,0.514,0.507,0.502,0.484,0.493,0.492,0.48,0.493,0.469,0.455,0.469,0.477,0.486,0.479,0.548,0.529,0.532,0.502,0.491,0.501,0.486,0.479,0.503,0.504,0.507,0.482,2994,3061,2988,3680,3474,3361,3891,3942,4223,5964,5153,5431,7107,6158,6252,7886,7736,7997,9233,9176,9515,19048,19444,20149,38364,40877,40283,51844,51031,52431,54895,54336,55925,56255,56972,54243
885,0.487,0.511,0.484,0.559,0.534,0.532,0.471,0.511,0.524,0.525,0.517,0.51,0.504,0.485,0.495,0.494,0.483,0.496,0.471,0.457,0.472,0.479,0.488,0.48,0.549,0.53,0.534,0.505,0.493,0.503,0.49,0.48,0.502,0.5,0.502,0.498,3009,3083,3007,3710,3499,3384,3915,3963,4249,5995,5183,5463,7129,6173,6274,7903,7770,8026,9252,9193,9544,19102,19505,20194,38478,40986,40448,52429,51478,52919,55421,54688,56314,56473,57278,55118
900,0.49,0.514,0.487,0.562,0.537,0.536,0.473,0.513,0.526,0.527,0.52,0.512,0.506,0.488,0.498,0.496,0.485,0.498,0.474,0.459,0.475,0.48,0.489,0.481,0.55,0.533,0.537,0.506,0.494,0.505,0.502,0.48,0.501,0.506,0.515,0.487,3039,3101,3031,3739,3525,3404,3948,3992,4282,6026,5207,5485,7149,6190,6296,7934,7801,8058,9272,9226,9572,19144,19511,20260,38574,41168,40508,53018,51950,53285,55817,55174,56782,57085,57969,55523
